'FV-1-824494',
'FV-1-824496',
'FV-1-824563',
'FV-1-824564',
'FV-1-824587',
'FV-1-824662',
'FV-1-824663',
'FV-1-824667',
'FV-1-824668',
'FV-1-824705',
'FV-1-824708',
'FV-1-824713',
'FV-1-824717',
'FV-1-824719',
'FV-1-824721',
'FV-1-824722',
'FV-1-824726',
'FV-1-824727',
'FV-1-824733',
'FV-1-824740',
'FV-1-824753',
'FV-1-824754',
'FV-1-824781',
'FV-1-824788',
'FV-1-824797',
'FV-1-824805',
'FV-1-824806',
'FV-1-824994',
'FV-1-825005',
'FV-1-825006',
'FV-1-825017',
'FV-1-825023',
'FV-1-825026',
'FV-1-825031',
'FV-1-825041',
'FV-1-825046',
'FV-1-825055',
'FV-1-825057',
'FV-1-825063',
'FV-1-825071',
'FV-1-825072',
'FV-1-825073',
'FV-1-825081',
'FV-1-825085',
'FV-1-825094',
'FV-1-825097',
'FV-1-825102',
'FV-1-825103',
'FV-1-825107',
'FV-1-825119',
'FV-1-825127',
'FV-1-825129',
'FV-1-825135',
'FV-1-825138',
'FV-1-825141',
'FV-1-825144',
'FV-1-825152',
'FV-1-825154',
'FV-1-825161',
'FV-1-825162',
'FV-1-825177',
'FV-1-825181',
'FV-1-825198',
'FV-1-825202',
'FV-1-825220',
'FV-1-825240',
'FV-1-825279',
'FV-1-825288',
'FV-1-825291',
'FV-1-825292',
'FV-1-825293',
'FV-1-825299',
'FV-1-825304',
'FV-1-825310',
'FV-1-825378',
'FV-1-825400',
'FV-1-825404',
'FV-1-825419',
'FV-1-825426',
'FV-1-825429',
'FV-1-825433',
'FV-1-825434',
'FV-1-825436',
'FV-1-825438',
'FV-1-825439',
'FV-1-825440',
'FV-1-825444',
'FV-1-825452',
'FV-1-825470',
'FV-1-825502',
'FV-1-825506',
'FV-1-825516',
'FV-1-825525',
'FV-1-825593',
'FV-1-825628',
'FV-1-825646',
'FV-1-825661',
'FV-1-825675',
'FV-1-825685',
'FV-1-825707',
'FV-1-825737',
'FV-1-825754',
'FV-1-825776',
'FV-1-825841',
'FV-1-825871',
'FV-1-825876',
'FV-1-825904',
'FV-1-825906',
'FV-1-825926',
'FV-1-825942',
'FV-1-825953',
'FV-1-825982',
'FV-1-826021',
'FV-1-826034',
'FV-1-826343',
'FV-1-826353',
'FV-1-826386',
'FV-1-826387',
'FV-1-826389',
'FV-1-826391',
'FV-1-826396',
'FV-1-826397',
'FV-1-826399',
'FV-1-826400',
'FV-1-826403',
'FV-1-826410',
'FV-1-826424',
'FV-1-826427',
'FV-1-826438',
'FV-1-826441',
'FV-1-826443',
'FV-1-826464',
'FV-1-826470',
'FV-1-826472',
'FV-1-826476',
'FV-1-826477',
'FV-1-826524',
'FV-1-826797',
'FV-1-826826',
'FV-1-826833',
'FV-1-826834',
'FV-1-826837',
'FV-1-826838',
'FV-1-826841',
'FV-1-826846',
'FV-1-826869',
'FV-1-826878',
'FV-1-826884',
'FV-1-826899',
'FV-1-826921',
'FV-1-826936',
'FV-1-826937',
'FV-1-826940',
'FV-1-826954',
'FV-1-827011',
'FV-1-827093',
'FV-1-827332',
'FV-1-827340',
'FV-1-827407',
'FV-1-827444',
'FV-1-827487',
'FV-1-827494',
'FV-1-827518',
'FV-1-827666',
'FV-1-827725',
'FV-1-827729',
'FV-1-827756',
'FV-1-827757',
'FV-1-827780',
'FV-1-827784',
'FV-1-827803',
'FV-1-827824',
'FV-1-827827',
'FV-1-827863',
'FV-1-827907',
'FV-1-827909',
'FV-1-827910',
'FV-1-827912',
'FV-1-827913',
'FV-1-827934',
'FV-1-827937',
'FV-1-827952',
'FV-1-827954',
'FV-1-827987',
'FV-1-828022',
'FV-1-828048',
'FV-1-828052',
'FV-1-828053',
'FV-1-828071',
'FV-1-828079',
'FV-1-828090',
'FV-1-828107',
'FV-1-828155',
'FV-1-828158',
'FV-1-828169',
'FV-1-828171',
'FV-1-828198',
'FV-1-828275',
'FV-1-828286',
'FV-1-825356',
'FV-1-825361',
'FV-1-825491',
'FV-1-825495',
'FV-1-825507',
'FV-1-825511',
'FV-1-825513',
'FV-1-825514',
'FV-1-825538',
'FV-1-825541',
'FV-1-825551',
'FV-1-825554',
'FV-1-825558',
'FV-1-825559',
'FV-1-825569',
'FV-1-825575',
'FV-1-825580',
'FV-1-825585',
'FV-1-825588',
'FV-1-825589',
'FV-1-825594',
'FV-1-825595',
'FV-1-825599',
'FV-1-825601',
'FV-1-825605',
'FV-1-825608',
'FV-1-825611',
'FV-1-825612',
'FV-1-825614',
'FV-1-825619',
'FV-1-825620',
'FV-1-825623',
'FV-1-825627',
'FV-1-825629',
'FV-1-825634',
'FV-1-825635',
'FV-1-825637',
'FV-1-825638',
'FV-1-825639',
'FV-1-825641',
'FV-1-825642',
'FV-1-825643',
'FV-1-825644',
'FV-1-825647',
'FV-1-825648',
'FV-1-825649',
'FV-1-825651',
'FV-1-825655',
'FV-1-825656',
'FV-1-825659',
'FV-1-825662',
'FV-1-825663',
'FV-1-825665',
'FV-1-825666',
'FV-1-825669',
'FV-1-825678',
'FV-1-825679',
'FV-1-825680',
'FV-1-825683',
'FV-1-825684',
'FV-1-825686',
'FV-1-825688',
'FV-1-825692',
'FV-1-825693',
'FV-1-825694',
'FV-1-825695',
'FV-1-825698',
'FV-1-825700',
'FV-1-825701',
'FV-1-825703',
'FV-1-825704',
'FV-1-825706',
'FV-1-825708',
'FV-1-825710',
'FV-1-825711',
'FV-1-825714',
'FV-1-825715',
'FV-1-825718',
'FV-1-825719',
'FV-1-825726',
'FV-1-825727',
'FV-1-825729',
'FV-1-825734',
'FV-1-825735',
'FV-1-825738',
'FV-1-825743',
'FV-1-825745',
'FV-1-825747',
'FV-1-825753',
'FV-1-825761',
'FV-1-825772',
'FV-1-825781',
'FV-1-825792',
'FV-1-825801',
'FV-1-825802',
'FV-1-825804',
'FV-1-825809',
'FV-1-825811',
'FV-1-825813',
'FV-1-825823',
'FV-1-825828',
'FV-1-825829',
'FV-1-825832',
'FV-1-825843',
'FV-1-825848',
'FV-1-825850',
'FV-1-825852',
'FV-1-825855',
'FV-1-825856',
'FV-1-825858',
'FV-1-825861',
'FV-1-825863',
'FV-1-825867',
'FV-1-825872',
'FV-1-825878',
'FV-1-825879',
'FV-1-825886',
'FV-1-825887',
'FV-1-825897',
'FV-1-825905',
'FV-1-825908',
'FV-1-825913',
'FV-1-825919',
'FV-1-825923',
'FV-1-825924',
'FV-1-825927',
'FV-1-825929',
'FV-1-825931',
'FV-1-825935',
'FV-1-825938',
'FV-1-825943',
'FV-1-825948',
'FV-1-825950',
'FV-1-825954',
'FV-1-825955',
'FV-1-825958',
'FV-1-825963',
'FV-1-825968',
'FV-1-825971',
'FV-1-825972',
'FV-1-825973',
'FV-1-825974',
'FV-1-825977',
'FV-1-825984',
'FV-1-825991',
'FV-1-825993',
'FV-1-825996',
'FV-1-826001',
'FV-1-826003',
'FV-1-826007',
'FV-1-826008',
'FV-1-826009',
'FV-1-826010',
'FV-1-826015',
'FV-1-826023',
'FV-1-826025',
'FV-1-826029',
'FV-1-826032',
'FV-1-826035',
'FV-1-826037',
'FV-1-826039',
'FV-1-826040',
'FV-1-826043',
'FV-1-826047',
'FV-1-826048',
'FV-1-826057',
'FV-1-826061',
'FV-1-826062',
'FV-1-826063',
'FV-1-826066',
'FV-1-826069',
